"","telo_name","ref_name","strand","start","end","qwidth","score","telomere_length","read_length","trunc_start","trunc_end","telomere_end","chromEnd","sample"
"1","HG002_ONT_dup_004_telomere_5","chr10","+",3147,28649,25503,7,6849,32352,6850,32352,"L","5'","HG002_ONT_duplex"
"2","HG002_ONT_dup_008_telomere_1","chr10","+",3155,36200,33046,5,7749,40795,7750,40795,"L","5'","HG002_ONT_duplex"
"3","HG002_ONT_dup_007_telomere_10","chr10","+",3157,17222,14066,10,7733,21799,7734,21799,"L","5'","HG002_ONT_duplex"
"4","HG002_ONT_dup_008_telomere_16","chr10","-",3180,4747,1568,43,4502,6070,1,1568,"R","5'","HG002_ONT_duplex"
"5","HG002_ONT_dup_001_telomere_16","chr10","+",135873580,135910261,36682,9,3631,40313,1,36682,"R","3'","HG002_ONT_duplex"
"6","HG002_ONT_dup_004_telomere_14","chr10","+",2312,22396,20085,60,5333,25418,5334,25418,"L","5'","HG002_ONT_duplex"
"7","HG002_ONT_dup_008_telomere_17","chr10","-",2320,9687,7368,60,5402,12770,1,7368,"R","5'","HG002_ONT_duplex"
"8","HG002_ONT_dup_005_telomere_6","chr10","-",135690931,135708808,17878,9,4519,22397,4520,22397,"L","3'","HG002_ONT_duplex"
"9","HG002_ONT_dup_002_telomere_15","chr11","-",2876,39675,36800,6,5683,42483,1,36800,"R","5'","HG002_ONT_duplex"
"10","HG002_ONT_dup_004_telomere_34","chr11","+",135172453,135233628,61176,60,5797,66973,1,61176,"R","3'","HG002_ONT_duplex"
"11","HG002_ONT_dup_003_telomere_8","chr11","-",135186021,135233587,47567,60,4507,52074,4508,52074,"L","3'","HG002_ONT_duplex"
"12","HG002_ONT_dup_007_telomere_18","chr11","+",135193053,135233628,40576,60,5258,45834,1,40576,"R","3'","HG002_ONT_duplex"
"13","HG002_ONT_dup_003_telomere_16","chr11","+",135206570,135233621,27052,58,4299,31351,1,27052,"R","3'","HG002_ONT_duplex"
"14","HG002_ONT_dup_003_telomere_14","chr11","+",135210877,135233628,22752,58,4802,27554,1,22752,"R","3'","HG002_ONT_duplex"
"15","HG002_ONT_dup_002_telomere_6","chr11","-",135218337,135233610,15274,26,1541,34694,1542,34694,"L","3'","HG002_ONT_duplex"
"16","HG002_ONT_dup_003_telomere_6","chr11","+",2546,45147,42602,4,4249,46851,4250,46851,"L","5'","HG002_ONT_duplex"
"17","HG002_ONT_dup_007_telomere_17","chr11","+",133953589,133988488,34900,58,3609,38509,1,34900,"R","3'","HG002_ONT_duplex"
"18","HG002_ONT_dup_008_telomere_7","chr12","+",2155,32285,30131,27,4149,34280,4150,34280,"L","5'","HG002_ONT_duplex"
"19","HG002_ONT_dup_004_telomere_30","chr12","-",2181,32774,30594,26,5098,35692,1,30594,"R","5'","HG002_ONT_duplex"
"20","HG002_ONT_dup_004_telomere_31","chr12","+",133545282,133578525,33244,6,3572,36816,1,33244,"R","3'","HG002_ONT_duplex"
"21","HG002_ONT_dup_004_telomere_1","chr12","-",133565321,133578484,13164,3,4413,17577,4414,17577,"L","3'","HG002_ONT_duplex"
"22","HG002_ONT_dup_003_telomere_9","chr12","-",133519932,133570824,50893,7,7813,58706,7814,58706,"L","3'","HG002_ONT_duplex"
"23","HG002_ONT_dup_002_telomere_16","chr13","+",113308627,113332178,23552,16,5059,28611,1,23552,"R","3'","HG002_ONT_duplex"
"24","HG002_ONT_dup_001_telomere_23","chr13","+",113314656,113332207,17552,26,5926,23478,1,17552,"R","3'","HG002_ONT_duplex"
"25","HG002_ONT_dup_005_telomere_4","chr13","-",109187059,109224029,36971,13,5557,42528,5558,42528,"L","3'","HG002_ONT_duplex"
"26","HG002_ONT_dup_002_telomere_1","chr14","+",2155,47162,45008,60,2657,47665,2658,47665,"L","5'","HG002_ONT_duplex"
"27","HG002_ONT_dup_007_telomere_26","chr14","+",108605089,108654064,48976,8,7220,56196,1,48976,"R","3'","HG002_ONT_duplex"
"28","HG002_ONT_dup_002_telomere_13","chr14","-",108635282,108654064,18783,13,6525,25308,6526,25308,"L","3'","HG002_ONT_duplex"
"29","HG002_ONT_dup_004_telomere_17","chr14","+",2685,19398,16714,60,6101,22815,6102,22815,"L","5'","HG002_ONT_duplex"
"30","HG002_ONT_dup_003_telomere_11","chr14","+",2688,26166,23479,60,6441,29920,6442,29920,"L","5'","HG002_ONT_duplex"
"31","HG002_ONT_dup_006_telomere_2","chr14","-",105727730,105798551,70822,7,6197,77019,6198,77019,"L","3'","HG002_ONT_duplex"
"32","HG002_ONT_dup_007_telomere_15","chr14","+",105785820,105798563,12744,7,5909,18653,1,12744,"R","3'","HG002_ONT_duplex"
"33","HG002_ONT_dup_008_telomere_9","chr14","+",105791183,105798574,7392,11,6216,13608,1,7392,"R","3'","HG002_ONT_duplex"
"34","HG002_ONT_dup_001_telomere_5","chr15","+",3465,37714,34250,11,6733,40983,6734,40983,"L","5'","HG002_ONT_duplex"
"35","HG002_ONT_dup_003_telomere_22","chr15","-",3477,11152,7676,24,6400,14076,1,7676,"R","5'","HG002_ONT_duplex"
"36","HG002_ONT_dup_001_telomere_20","chr15","-",1568,29359,27792,60,4072,31864,1,27792,"R","5'","HG002_ONT_duplex"
"37","HG002_ONT_dup_007_telomere_2","chr15","+",1650,58447,56798,41,2533,59331,2534,59331,"L","5'","HG002_ONT_duplex"
"38","HG002_ONT_dup_004_telomere_16","chr15","+",1960,23280,21321,39,4281,25602,4282,25602,"L","5'","HG002_ONT_duplex"
"39","HG002_ONT_dup_007_telomere_9","chr16","+",2735,29953,27219,60,3817,31036,3818,31036,"L","5'","HG002_ONT_duplex"
"40","HG002_ONT_dup_004_telomere_6","chr16","-",90355852,90396215,40364,60,3061,43425,3062,43425,"L","3'","HG002_ONT_duplex"
"41","HG002_ONT_dup_004_telomere_2","chr16","-",90358643,90396195,37553,60,4031,41584,4032,41584,"L","3'","HG002_ONT_duplex"
"42","HG002_ONT_dup_003_telomere_1","chr16","-",90368917,90396186,27270,60,3225,30495,3226,30495,"L","3'","HG002_ONT_duplex"
"43","HG002_ONT_dup_003_telomere_2","chr16","-",90369801,90396199,26399,60,3673,30072,3674,30072,"L","3'","HG002_ONT_duplex"
"44","HG002_ONT_dup_004_telomere_15","chr16","-",90384467,90396177,11711,45,4425,16136,4426,16136,"L","3'","HG002_ONT_duplex"
"45","HG002_ONT_dup_004_telomere_10","chr16","-",90388696,90396199,7504,30,4443,11947,4444,11947,"L","3'","HG002_ONT_duplex"
"46","HG002_ONT_dup_004_telomere_20","chr16","-",2863,51544,48682,60,4465,53147,1,48682,"R","5'","HG002_ONT_duplex"
"47","HG002_ONT_dup_005_telomere_19","chr16","-",2864,75815,72952,60,3887,76839,1,72952,"R","5'","HG002_ONT_duplex"
"48","HG002_ONT_dup_007_telomere_13","chr16","+",2889,24468,21580,60,6507,28087,6508,28087,"L","5'","HG002_ONT_duplex"
"49","HG002_ONT_dup_002_telomere_17","chr16","+",93558540,93599115,40576,43,3539,44115,1,40576,"R","3'","HG002_ONT_duplex"
"50","HG002_ONT_dup_004_telomere_33","chr16","+",93577072,93599059,21988,37,2879,24867,1,21988,"R","3'","HG002_ONT_duplex"
"51","HG002_ONT_dup_004_telomere_35","chr16","+",93582048,93600407,18360,42,3984,22344,1,18360,"R","3'","HG002_ONT_duplex"
"52","HG002_ONT_dup_003_telomere_15","chr17","+",83736535,83768202,31668,29,3062,34730,1,31668,"R","3'","HG002_ONT_duplex"
"53","HG002_ONT_dup_005_telomere_14","chr17","+",83751028,83768195,17168,17,3536,20704,1,17168,"R","3'","HG002_ONT_duplex"
"54","HG002_ONT_dup_003_telomere_13","chr17","-",512,34211,33700,60,1304,35004,1,33700,"R","5'","HG002_ONT_duplex"
"55","HG002_ONT_dup_002_telomere_12","chr17","+",3077,21924,18848,60,5757,24605,5758,24605,"L","5'","HG002_ONT_duplex"
"56","HG002_ONT_dup_001_telomere_24","chr17","+",84801738,84840997,39260,60,1012,40272,1,39260,"R","3'","HG002_ONT_duplex"
"57","HG002_ONT_dup_002_telomere_25","chr17","+",84804930,84841097,36168,60,1906,38074,1,36168,"R","3'","HG002_ONT_duplex"
"58","HG002_ONT_dup_005_telomere_13","chr17","+",84811027,84841094,30068,24,4426,34494,1,30068,"R","3'","HG002_ONT_duplex"
"59","HG002_ONT_dup_005_telomere_15","chr17","+",84813996,84841131,27136,21,1235,28371,1,27136,"R","3'","HG002_ONT_duplex"
"60","HG002_ONT_dup_004_telomere_32","chr18","-",2178,53065,50888,31,5059,55947,1,50888,"R","5'","HG002_ONT_duplex"
"61","HG002_ONT_dup_003_telomere_21","chr18","-",2183,72226,70044,36,2905,72949,1,70044,"R","5'","HG002_ONT_duplex"
"62","HG002_ONT_dup_007_telomere_16","chr18","-",2202,46195,43994,30,4935,48929,1,43994,"R","5'","HG002_ONT_duplex"
"63","HG002_ONT_dup_008_telomere_11","chr18","+",78863626,78906277,42652,3,4849,47501,1,42652,"R","3'","HG002_ONT_duplex"
"64","HG002_ONT_dup_004_telomere_21","chr18","+",78888597,78906290,17694,1,5700,23394,1,17694,"R","3'","HG002_ONT_duplex"
"65","HG002_ONT_dup_008_telomere_14","chr18","+",78888930,78906297,17368,1,5398,22766,1,17368,"R","3'","HG002_ONT_duplex"
"66","HG002_ONT_dup_003_telomere_7","chr18","-",78891865,78906303,14439,1,5249,19688,5250,19688,"L","3'","HG002_ONT_duplex"
"67","HG002_ONT_dup_001_telomere_27","chr18","-",2630,20181,17552,31,6305,23857,1,17552,"R","5'","HG002_ONT_duplex"
"68","HG002_ONT_dup_001_telomere_28","chr18","+",80734772,80776165,41394,1,2253,43647,1,41394,"R","3'","HG002_ONT_duplex"
"69","HG002_ONT_dup_003_telomere_17","chr18","+",80737208,80776201,38994,2,4801,43795,1,38994,"R","3'","HG002_ONT_duplex"
"70","HG002_ONT_dup_001_telomere_25","chr18","+",80752297,80776248,23952,2,3869,27821,1,23952,"R","3'","HG002_ONT_duplex"
"71","HG002_ONT_dup_006_telomere_7","chr19","+",2302,42200,39899,8,4125,44024,4126,44024,"L","5'","HG002_ONT_duplex"
"72","HG002_ONT_dup_002_telomere_4","chr19","+",2309,16910,14602,12,3565,18167,3566,18167,"L","5'","HG002_ONT_duplex"
"73","HG002_ONT_dup_001_telomere_22","chr19","-",2454,4853,2400,0,3018,5418,1,2400,"R","5'","HG002_ONT_duplex"
"74","HG002_ONT_dup_004_telomere_3","chr19","-",61350141,61352914,2774,60,4607,7381,4608,7381,"L","3'","HG002_ONT_duplex"
"75","HG002_ONT_dup_007_telomere_7","chr1","+",2402,7812,5411,13,3857,9268,3858,9268,"L","5'","HG002_ONT_duplex"
"76","HG002_ONT_dup_002_telomere_7","chr1","+",2403,7561,5159,2,5017,10176,5018,10176,"L","5'","HG002_ONT_duplex"
"77","HG002_ONT_dup_008_telomere_4","chr1","+",2407,30296,27890,45,4541,32431,4542,32431,"L","5'","HG002_ONT_duplex"
"78","HG002_ONT_dup_004_telomere_26","chr1","-",2417,56610,54194,24,3446,57640,1,54194,"R","5'","HG002_ONT_duplex"
"79","HG002_ONT_dup_007_telomere_22","chr1","-",2425,25718,23294,4,4164,27458,1,23294,"R","5'","HG002_ONT_duplex"
"80","HG002_ONT_dup_001_telomere_3","chr1","-",243998477,244018864,20388,60,8207,28595,8208,28595,"L","3'","HG002_ONT_duplex"
"81","HG002_ONT_dup_007_telomere_11","chr1","-",243999305,244018845,19541,60,7507,27048,7508,27048,"L","3'","HG002_ONT_duplex"
"82","HG002_ONT_dup_001_telomere_26","chr1","+",244010314,244018865,8552,60,8489,17041,1,8552,"R","3'","HG002_ONT_duplex"
"83","HG002_ONT_dup_006_telomere_4","chr1","+",3407,10801,7395,57,11425,18820,11426,18820,"L","5'","HG002_ONT_duplex"
"84","HG002_ONT_dup_006_telomere_10","chr1","-",3407,30582,27176,27,10878,38054,1,27176,"R","5'","HG002_ONT_duplex"
"85","HG002_ONT_dup_008_telomere_15","chr1","-",3413,9904,6492,55,10418,16910,1,6492,"R","5'","HG002_ONT_duplex"
"86","HG002_ONT_dup_007_telomere_12","chr1","+",3428,16330,12903,37,11407,24310,11408,24310,"L","5'","HG002_ONT_duplex"
"87","HG002_ONT_dup_006_telomere_16","chr1","+",252022876,252057511,34636,60,6654,41290,1,34636,"R","3'","HG002_ONT_duplex"
"88","HG002_ONT_dup_002_telomere_26","chr1","+",252028433,252057476,29044,60,6966,36010,1,29044,"R","3'","HG002_ONT_duplex"
"89","HG002_ONT_dup_002_telomere_11","chr20","+",1898,47696,45799,1,3919,49718,3920,49718,"L","5'","HG002_ONT_duplex"
"90","HG002_ONT_dup_004_telomere_29","chr20","+",66043925,66068584,24660,4,6716,31376,1,24660,"R","3'","HG002_ONT_duplex"
"91","HG002_ONT_dup_008_telomere_6","chr20","-",66052850,66068591,15742,1,9657,25399,9658,25399,"L","3'","HG002_ONT_duplex"
"92","HG002_ONT_dup_007_telomere_1","chr20","+",2237,24887,22651,7,3833,26484,3834,26484,"L","5'","HG002_ONT_duplex"
"93","HG002_ONT_dup_008_telomere_5","chr20","+",2247,26360,24114,5,2857,26971,2858,26971,"L","5'","HG002_ONT_duplex"
"94","HG002_ONT_dup_005_telomere_7","chr20","+",66959631,67032822,73192,60,4221,77413,1,73192,"R","3'","HG002_ONT_duplex"
"95","HG002_ONT_dup_006_telomere_14","chr20","+",66991257,67032750,41494,60,4187,45681,1,41494,"R","3'","HG002_ONT_duplex"
"96","HG002_ONT_dup_007_telomere_27","chr20","+",67005289,67032732,27444,60,3626,31070,1,27444,"R","3'","HG002_ONT_duplex"
"97","HG002_ONT_dup_002_telomere_9","chr20","-",67010219,67032811,22593,41,4907,27500,4908,27500,"L","3'","HG002_ONT_duplex"
"98","HG002_ONT_dup_001_telomere_21","chr20","+",67010392,67032819,22428,42,4789,27217,1,22428,"R","3'","HG002_ONT_duplex"
"99","HG002_ONT_dup_005_telomere_10","chr20","+",67010573,67032800,22228,40,4769,26997,1,22228,"R","3'","HG002_ONT_duplex"
"100","HG002_ONT_dup_004_telomere_28","chr21","+",47277152,47308811,31660,29,5791,37451,1,31660,"R","3'","HG002_ONT_duplex"
"101","HG002_ONT_dup_001_telomere_11","chr21","-",47280064,47308827,28764,36,5149,33913,5150,33913,"L","3'","HG002_ONT_duplex"
"102","HG002_ONT_dup_007_telomere_6","chr21","+",9878,36026,26149,37,11225,37374,11226,37374,"L","5'","HG002_ONT_duplex"
"103","HG002_ONT_dup_007_telomere_29","chr21","+",44279547,44310740,31194,29,5338,36532,1,31194,"R","3'","HG002_ONT_duplex"
"104","HG002_ONT_dup_007_telomere_14","chr21","-",44294526,44310822,16297,38,5209,21506,5210,21506,"L","3'","HG002_ONT_duplex"
"105","HG002_ONT_dup_007_telomere_25","chr21","+",44298677,44310770,12094,26,4860,16954,1,12094,"R","3'","HG002_ONT_duplex"
"106","HG002_ONT_dup_008_telomere_13","chr22","-",2175,18126,15952,16,3260,19212,1,15952,"R","5'","HG002_ONT_duplex"
"107","HG002_ONT_dup_001_telomere_9","chr22","+",2200,38980,36781,5,3049,39830,3050,39830,"L","5'","HG002_ONT_duplex"
"108","HG002_ONT_dup_001_telomere_7","chr22","-",53361493,53392843,31351,60,2757,34108,2758,34108,"L","3'","HG002_ONT_duplex"
"109","HG002_ONT_dup_003_telomere_27","chr22","+",53363820,53392795,28976,58,5439,34415,1,28976,"R","3'","HG002_ONT_duplex"
"110","HG002_ONT_dup_001_telomere_14","chr22","+",53377361,53392828,15468,60,6884,22352,1,15468,"R","3'","HG002_ONT_duplex"
"111","HG002_ONT_dup_001_telomere_1","chr22","+",10285,58046,47762,10,5057,52819,5058,52819,"L","5'","HG002_ONT_duplex"
"112","HG002_ONT_dup_001_telomere_13","chr22","+",10285,43583,33299,9,4449,37748,4450,37748,"L","5'","HG002_ONT_duplex"
"113","HG002_ONT_dup_007_telomere_31","chr22","-",10324,59075,48752,3,4230,52982,1,48752,"R","5'","HG002_ONT_duplex"
"114","HG002_ONT_dup_001_telomere_6","chr22","+",10339,33063,22725,17,3549,26274,3550,26274,"L","5'","HG002_ONT_duplex"
"115","HG002_ONT_dup_004_telomere_7","chr22","+",10349,28996,18648,10,11649,30297,11650,30297,"L","5'","HG002_ONT_duplex"
"116","HG002_ONT_dup_002_telomere_18","chr22","-",10361,15804,5444,13,10651,16095,1,5444,"R","5'","HG002_ONT_duplex"
"117","HG002_ONT_dup_006_telomere_15","chr22","-",10373,23416,13044,13,10820,23864,1,13044,"R","5'","HG002_ONT_duplex"
"118","HG002_ONT_dup_003_telomere_23","chr2","-",2656,40467,37812,5,6226,44038,1,37812,"R","5'","HG002_ONT_duplex"
"119","HG002_ONT_dup_004_telomere_8","chr2","+",2663,11434,8772,12,10749,19521,10750,19521,"L","5'","HG002_ONT_duplex"
"120","HG002_ONT_dup_003_telomere_10","chr2","-",242087317,242111966,24650,46,5819,30469,5820,30469,"L","3'","HG002_ONT_duplex"
"121","HG002_ONT_dup_004_telomere_22","chr2","-",1991,24734,22744,16,4636,27380,1,22744,"R","5'","HG002_ONT_duplex"
"122","HG002_ONT_dup_001_telomere_18","chr2","+",241839651,241871532,31882,60,4211,36093,1,31882,"R","3'","HG002_ONT_duplex"
"123","HG002_ONT_dup_002_telomere_2","chr2","-",241847947,241871326,23380,60,4049,27429,4050,27429,"L","3'","HG002_ONT_duplex"
"124","HG002_ONT_dup_006_telomere_5","chr2","-",241860399,241871531,11133,60,5019,16152,5020,16152,"L","3'","HG002_ONT_duplex"
"125","HG002_ONT_dup_001_telomere_17","chr3","-",2453,16588,14136,47,6536,20672,1,14136,"R","5'","HG002_ONT_duplex"
"126","HG002_ONT_dup_005_telomere_1","chr3","-",201081067,201095574,14508,5,6513,21021,6514,21021,"L","3'","HG002_ONT_duplex"
"127","HG002_ONT_dup_003_telomere_19","chr3","+",201086290,201095125,8836,1,5892,14728,1,8836,"R","3'","HG002_ONT_duplex"
"128","HG002_ONT_dup_004_telomere_12","chr3","+",2046,7257,5212,60,7325,12537,7326,12537,"L","5'","HG002_ONT_duplex"
"129","HG002_ONT_dup_002_telomere_24","chr3","-",2049,29148,27100,48,5965,33065,1,27100,"R","5'","HG002_ONT_duplex"
"130","HG002_ONT_dup_003_telomere_18","chr3","-",2061,12760,10700,60,4725,15425,1,10700,"R","5'","HG002_ONT_duplex"
"131","HG002_ONT_dup_007_telomere_21","chr3","+",201485253,201511552,26300,60,3486,29786,1,26300,"R","3'","HG002_ONT_duplex"
"132","HG002_ONT_dup_007_telomere_19","chr4","-",1804,13485,11682,30,4975,16657,1,11682,"R","5'","HG002_ONT_duplex"
"133","HG002_ONT_dup_001_telomere_8","chr4","-",191635753,191668117,32365,60,4841,37206,4842,37206,"L","3'","HG002_ONT_duplex"
"134","HG002_ONT_dup_001_telomere_10","chr4","-",191643195,191668119,24925,60,5149,30074,5150,30074,"L","3'","HG002_ONT_duplex"
"135","HG002_ONT_dup_006_telomere_12","chr4","+",191653262,191668121,14860,60,5645,20505,1,14860,"R","3'","HG002_ONT_duplex"
"136","HG002_ONT_dup_008_telomere_2","chr4","-",191655519,191668119,12601,60,5441,18042,5442,18042,"L","3'","HG002_ONT_duplex"
"137","HG002_ONT_dup_006_telomere_11","chr4","-",2128,49395,47268,3,4401,51669,1,47268,"R","5'","HG002_ONT_duplex"
"138","HG002_ONT_dup_004_telomere_18","chr4","+",2132,48554,46423,6,3941,50364,3942,50364,"L","5'","HG002_ONT_duplex"
"139","HG002_ONT_dup_004_telomere_4","chr4","+",2156,23357,21202,11,4707,25909,4708,25909,"L","5'","HG002_ONT_duplex"
"140","HG002_ONT_dup_002_telomere_3","chr4","-",192350692,192382341,31650,60,8409,40059,8410,40059,"L","3'","HG002_ONT_duplex"
"141","HG002_ONT_dup_005_telomere_12","chr5","+",183199922,183259403,59482,9,5563,65045,1,59482,"R","3'","HG002_ONT_duplex"
"142","HG002_ONT_dup_003_telomere_12","chr5","+",183219090,183259371,40282,11,3844,44126,1,40282,"R","3'","HG002_ONT_duplex"
"143","HG002_ONT_dup_003_telomere_4","chr5","-",183234577,183259402,24826,4,4919,29745,4920,29745,"L","3'","HG002_ONT_duplex"
"144","HG002_ONT_dup_005_telomere_18","chr5","+",183235418,183259399,23982,4,5264,29246,1,23982,"R","3'","HG002_ONT_duplex"
"145","HG002_ONT_dup_007_telomere_28","chr5","+",183236362,183259421,23060,4,5845,28905,1,23060,"R","3'","HG002_ONT_duplex"
"146","HG002_ONT_dup_003_telomere_20","chr5","+",183238134,183259415,21282,5,5300,26582,1,21282,"R","3'","HG002_ONT_duplex"
"147","HG002_ONT_dup_008_telomere_8","chr5","+",2186,25575,23390,16,6531,29921,6532,29921,"L","5'","HG002_ONT_duplex"
"148","HG002_ONT_dup_004_telomere_27","chr5","-",2194,33987,31794,11,4849,36643,1,31794,"R","5'","HG002_ONT_duplex"
"149","HG002_ONT_dup_002_telomere_10","chr5","+",2215,26677,24463,12,6107,30570,6108,30570,"L","5'","HG002_ONT_duplex"
"150","HG002_ONT_dup_007_telomere_4","chr5","-",188825273,188873246,47974,60,4849,52823,4850,52823,"L","3'","HG002_ONT_duplex"
"151","HG002_ONT_dup_005_telomere_2","chr5","-",188859386,188873211,13826,16,4507,18333,4508,18333,"L","3'","HG002_ONT_duplex"
"152","HG002_ONT_dup_007_telomere_3","chr6","+",1449,30210,28762,10,4533,33295,4534,33295,"L","5'","HG002_ONT_duplex"
"153","HG002_ONT_dup_006_telomere_3","chr6","+",1452,43699,42248,14,4433,46681,4434,46681,"L","5'","HG002_ONT_duplex"
"154","HG002_ONT_dup_008_telomere_12","chr6","-",1453,39296,37844,12,3041,40885,1,37844,"R","5'","HG002_ONT_duplex"
"155","HG002_ONT_dup_006_telomere_8","chr6","+",1464,48352,46889,10,5101,51990,5102,51990,"L","5'","HG002_ONT_duplex"
"156","HG002_ONT_dup_002_telomere_5","chr6","+",1466,39941,38476,12,4101,42577,4102,42577,"L","5'","HG002_ONT_duplex"
"157","HG002_ONT_dup_003_telomere_25","chr6","-",1470,16869,15400,17,5729,21129,1,15400,"R","5'","HG002_ONT_duplex"
"158","HG002_ONT_dup_002_telomere_23","chr6","+",174709716,174740775,31060,51,4458,35518,1,31060,"R","3'","HG002_ONT_duplex"
"159","HG002_ONT_dup_007_telomere_20","chr6","+",174714339,174740732,26394,56,5258,31652,1,26394,"R","3'","HG002_ONT_duplex"
"160","HG002_ONT_dup_004_telomere_19","chr6","+",2238,26375,24138,7,4541,28679,4542,28679,"L","5'","HG002_ONT_duplex"
"161","HG002_ONT_dup_007_telomere_30","chr6","-",2241,17692,15452,9,3829,19281,1,15452,"R","5'","HG002_ONT_duplex"
"162","HG002_ONT_dup_002_telomere_19","chr6","-",2244,18079,15836,7,4530,20366,1,15836,"R","5'","HG002_ONT_duplex"
"163","HG002_ONT_dup_002_telomere_20","chr6","-",2244,27479,25236,4,3715,28951,1,25236,"R","5'","HG002_ONT_duplex"
"164","HG002_ONT_dup_002_telomere_21","chr6","-",2245,39944,37700,8,4527,42227,1,37700,"R","5'","HG002_ONT_duplex"
"165","HG002_ONT_dup_006_telomere_9","chr6","-",2248,5741,3494,20,5410,8904,1,3494,"R","5'","HG002_ONT_duplex"
"166","HG002_ONT_dup_004_telomere_24","chr6","-",2267,54366,52100,8,4964,57064,1,52100,"R","5'","HG002_ONT_duplex"
"167","HG002_ONT_dup_001_telomere_15","chr6","+",174383076,174409415,26340,46,6374,32714,1,26340,"R","3'","HG002_ONT_duplex"
"168","HG002_ONT_dup_005_telomere_17","chr7","-",2355,29298,26944,60,3869,30813,1,26944,"R","5'","HG002_ONT_duplex"
"169","HG002_ONT_dup_003_telomere_26","chr7","-",2373,40654,38282,57,3530,41812,1,38282,"R","5'","HG002_ONT_duplex"
"170","HG002_ONT_dup_001_telomere_2","chr7","+",2385,23102,20718,49,5213,25931,5214,25931,"L","5'","HG002_ONT_duplex"
"171","HG002_ONT_dup_006_telomere_6","chr7","-",160915205,160953926,38722,12,3217,41939,3218,41939,"L","3'","HG002_ONT_duplex"
"172","HG002_ONT_dup_004_telomere_23","chr7","+",160919724,160953117,33394,18,4304,37698,1,33394,"R","3'","HG002_ONT_duplex"
"173","HG002_ONT_dup_007_telomere_24","chr7","+",160935842,160953135,17294,26,5937,23231,1,17294,"R","3'","HG002_ONT_duplex"
"174","HG002_ONT_dup_002_telomere_8","chr7","+",2084,19004,16921,60,6957,23878,6958,23878,"L","5'","HG002_ONT_duplex"
"175","HG002_ONT_dup_005_telomere_8","chr7","-",2093,13386,11294,60,2390,13684,1,11294,"R","5'","HG002_ONT_duplex"
"176","HG002_ONT_dup_003_telomere_3","chr7","-",160056169,160102568,46400,4,2507,48907,2508,48907,"L","3'","HG002_ONT_duplex"
"177","HG002_ONT_dup_005_telomere_16","chr7","+",160096013,160102588,6576,11,3036,9612,1,6576,"R","3'","HG002_ONT_duplex"
"178","HG002_ONT_dup_001_telomere_4","chr8","+",2335,18631,16297,60,6007,22304,6008,22304,"L","5'","HG002_ONT_duplex"
"179","HG002_ONT_dup_008_telomere_3","chr8","+",2337,24520,22184,60,5607,27791,5608,27791,"L","5'","HG002_ONT_duplex"
"180","HG002_ONT_dup_004_telomere_25","chr8","-",2340,22133,19794,60,4535,24329,1,19794,"R","5'","HG002_ONT_duplex"
"181","HG002_ONT_dup_005_telomere_5","chr8","-",146688142,146737685,49544,3,6033,55577,6034,55577,"L","3'","HG002_ONT_duplex"
"182","HG002_ONT_dup_004_telomere_9","chr8","+",2129,24213,22085,60,4949,27034,4950,27034,"L","5'","HG002_ONT_duplex"
"183","HG002_ONT_dup_007_telomere_23","chr8","+",146752641,146784416,31776,3,5726,37502,1,31776,"R","3'","HG002_ONT_duplex"
"184","HG002_ONT_dup_004_telomere_11","chr8","-",146759097,146784413,25317,3,6113,31430,6114,31430,"L","3'","HG002_ONT_duplex"
"185","HG002_ONT_dup_001_telomere_19","chr9","-",2709,25172,22464,60,6139,28603,1,22464,"R","5'","HG002_ONT_duplex"
"186","HG002_ONT_dup_002_telomere_14","chr9","-",2715,38082,35368,60,2793,38161,1,35368,"R","5'","HG002_ONT_duplex"
"187","HG002_ONT_dup_006_telomere_1","chr9","+",2751,14519,11769,60,5713,17482,5714,17482,"L","5'","HG002_ONT_duplex"
"188","HG002_ONT_dup_008_telomere_10","chr9","-",2037,3296,1260,60,7675,8935,1,1260,"R","5'","HG002_ONT_duplex"
"189","HG002_ONT_dup_005_telomere_3","chr9","+",2046,18139,16094,60,4481,20575,4482,20575,"L","5'","HG002_ONT_duplex"
"190","HG002_ONT_dup_007_telomere_5","chr9","+",2048,28347,26300,60,4901,31201,4902,31201,"L","5'","HG002_ONT_duplex"
"191","HG002_ONT_dup_004_telomere_13","chr9","-",131501836,131517290,15455,60,5225,20680,5226,20680,"L","3'","HG002_ONT_duplex"
"192","HG002_ONT_dup_005_telomere_9","chrX","-",1672,32765,31094,60,3265,34359,1,31094,"R","5'","HG002_ONT_duplex"
"193","HG002_ONT_dup_003_telomere_5","chrX","+",1688,24080,22393,60,5407,27800,5408,27800,"L","5'","HG002_ONT_duplex"
"194","HG002_ONT_dup_007_telomere_8","chrX","+",1691,47555,45865,60,4207,50072,4208,50072,"L","5'","HG002_ONT_duplex"
"195","HG002_ONT_dup_001_telomere_12","chrX","-",154316410,154339280,22871,9,4073,26944,4074,26944,"L","3'","HG002_ONT_duplex"
"196","HG002_ONT_dup_005_telomere_11","chrY","+",62396245,62423138,26894,10,5723,32617,1,26894,"R","3'","HG002_ONT_duplex"
